SQL> 
SQL> set echo on
SQL> set feedback 1
SQL> set pagesize 999
SQL> set trimspool on
SQL> set linesize 200
SQL> set tab off
SQL> clear columns
SQL> 
SQL> 
SQL> /* JEFFREY QIU */
SQL> 
SQL> 
SQL> /*  TASK 00 */
SQL> select user, sysdate
  2  from dual;

USER                           SYSDATE
------------------------------ ---------
JQIU14                         05-SEP-15

1 row selected.

SQL> 
SQL> 
SQL> /*  TASK 01 */
SQL> 
SQL> select distinct CL_POSTAL_CODE || ': ' || CL_CITY || ' ' || CL_STATE as "Location"
  2  from VT_CLIENTS
  3  where CL_STATE in ('CA', 'NV')
  4  ;

Location
------------------------------------------
94112: San Francisco CA
94101: San Francisco CA
92101: San Diego CA

3 rows selected.

SQL> 
SQL> 
SQL> /*  TASK 02  */
SQL> /* Assume there are three columns to show the results. */
SQL> 
SQL> select CL_NAME_FIRST, CL_NAME_LAST, CL_PHONE
  2  from VT_CLIENTS
  3  where CL_PHONE IS NOT NULL
  4  order by CL_ID
  5  ;

CL_NAME_FIRST             CL_NAME_LAST              CL_PHONE
------------------------- ------------------------- ------------
James                     Carter                    510.258.4546
Jack                      Dalrymple                 701.328.2725
Coleman                   Hawkins                   937.258.5645
Theo                      Monk                      212.582.6245
                          Biederbecke               217.239.6945
                          Biederbecke               415.239.6945
Sue                       Biederbecke               217.239.6875
Sam                       Biederbecke               415.239.6875
Dave                      Brubeck                   258.257.2727
Stanley                   Turrentine                619.231.1515

10 rows selected.

SQL> 
SQL> 
SQL> /*  TASK 03 */
SQL> 
SQL> select distinct SRV_ID
  2  from VT_EXAM_DETAILS
  3  where EX_FEE > 50
  4  ;

    SRV_ID
----------
       604
       625
       605
       607
       523
       108
       110
       603
       615
      4601
       101
       105
       104
       602
       106

15 rows selected.

SQL> 
SQL> 
SQL> /*  TASK 04 */
SQL> 
SQL> select STF_NAME_FIRST, STF_NAME_LAST, STF_ID
  2  from VT_STAFF
  3  where STF_JOB_TITLE not in ('vet', 'vet assnt')
  4  ;

STF_NAME_FIRST            STF_NAME_LAST                 STF_ID
------------------------- ------------------------- ----------
Shirley                   Horn                              20
Pat                       Halvers                           43

2 rows selected.

SQL> 
SQL> 
SQL> /*  TASK 05 */
SQL> 
SQL> select SRV_ID as "Service ID", SRV_TYPE as "Service Type", SRV_DESC as "Description", SRV_LIST_PRICE as "Curr Price", SRV_LIST_PRICE * 1.15 as "Incr Price"
  2  from VT_SERVICES
  3  where SRV_TYPE != 'office visit'
  4  order by SRV_ID
  5  ;

Service ID Service Type              Description                                        Curr Price Incr Price
---------- ------------------------- -------------------------------------------------- ---------- ----------
       101 treatment                 Dental Cleaning-Canine                                     50       57.5
       102 treatment                 Dental Cleaning-Feline                                     45      51.75
       106 treatment                 Routine Exam-Bird                                          75      86.25
       110 treatment                 Dental Cleaning-Other                                     100        115
       225 medicine                  Feline PCR Series                                          75      86.25
       400 treatment                 Hazardous Materials Disposal                             10.5     12.075
       551 medicine                  First Feline PCR                                         35.5     40.825
       552 medicine                  Second Feline PCR                                       25.15    28.9225
       553 medicine                  Third Feline PCR                                        25.85    29.7275
       602 treatment                 General Anethesia 1 hour                                  222      255.3
       603 treatment                 Feline Dental X_ray                                        78       89.7
       604 treatment                 Dental Scaling                                            109     125.35
       605 treatment                 Tooth extraction Level 1                                  535     615.25
       606 treatment                 Tooth extraction Level 2                                   40         46
       607 treatment                 Tooth extraction Level 3                                   57      65.55
       612 medicine                  Buprenex oral drops 1 ml                                25.91    29.7965
       613 treatment                 Hospital stay- short                                       47      54.05
       615 medicine                  antibiotics                                              78.3     90.045
       625 treatment                 CBC and scan                                              155     178.25
       687 medicine                  Vitamin E- Concentrated                                 45.99    52.8885
       748 medicine                  Preds-liver                                              29.5     33.925
       749 medicine                  Preds-chicken                                            29.5     33.925
      1002 medicine                  Scaly Mite Powder                                        2533    2912.95
      1003 treatment                 Intestinal Parasite Screen                                 26       29.9
      4601 treatment                 Feline Behaviour Modification Consultation                275     316.25

25 rows selected.

SQL> 
SQL> 
SQL> /*  TASK 06 */
SQL> /* I found that porcupine, dormouse, and hamster are rodents. Assume that only these three animal types are rodents. */
SQL> 
SQL> select CL_ID, AN_ID, AN_NAME
  2  from VT_ANIMALS
  3  where AN_TYPE in ('porcupine', 'dormouse', 'hamster')
  4  order by CL_ID, AN_ID
  5  ;

     CL_ID      AN_ID AN_NAME
---------- ---------- -------------------------
      1825      16002 Fritz
      1825      21005 Koshka
      1825      21006 Koshka
      3560      12038 Gutsy
      5699      17002 Fritzchen

5 rows selected.

SQL> 
SQL> 
SQL> /*  TASK 07 */
SQL> /* I found that lizard, chelonian, and snake are reptiles. Assume that only these three animal types are reptiles. */
SQL> 
SQL> select distinct CL_ID, AN_TYPE
  2  from VT_ANIMALS
  3  where AN_TYPE in ('lizard', 'chelonian', 'snake')
  4  order by CL_ID
  5  ;

     CL_ID AN_TYPE
---------- -------------------------
       411 lizard
      1852 snake
      5699 chelonian
      5699 lizard
      5699 snake
      7152 lizard

6 rows selected.

SQL> 
SQL> 
SQL> 
SQL> /*  TASK 08 */
SQL> 
SQL> select CL_ID, AN_ID, AN_NAME, AN_DOB
  2  from VT_ANIMALS
  3  where AN_TYPE not in ('porcupine', 'dormouse', 'hamster', 'lizard', 'chelonian', 'snake')
  4  order by AN_DOB desc
  5  ;

     CL_ID      AN_ID AN_NAME                   AN_DOB
---------- ---------- ------------------------- ---------
      5689      21205 Manfried                  30-MAR-15
    408763      21307 Buddy                     27-JUL-14
    408763      21306 Shadow                    27-JUL-14
    408763      21305 Spot                      27-JUL-14
      1852      21320 Morris                    11-JUN-14
      1825      16043 Ursula                    06-JUN-14
      1825      16044 Triton                    06-JUN-14
      1852      21321 Morton                    03-JUN-14
      1825      16003 Ursula                    06-FEB-13
       411      21001 Yoggie                    22-JAN-13
      1852      21318 Waldrom                   11-JUN-12
      1852      21315 Baldric                   11-JUN-12
      4534      11015 Kenny                     23-FEB-12
      4534      11025                           01-FEB-12
      1852      21314 Adalwine                  11-JUN-11
      1852      21317 Manfried                  11-JUN-11
      1852      21316 Etta                      11-JUN-10
      3560      10002 Gutsy                     15-APR-10
       411      19845 Pinkie                    02-FEB-09
      6897      16004 Napper                    06-JUN-06
       411      15165 Burgess                   20-NOV-05
      4534      11029                           01-OCT-05
       411      21003 Calvin Coolidge           18-JUN-04
      1825      21002 Edger                     02-OCT-02
      3560      12035 Mr Peanut                 28-FEB-95

25 rows selected.

SQL> 
SQL> 
SQL> /*  THE END */
SQL> 
SQL> 
SQL> spool off
